Manufacturer;Supplier;SKU;NAME;PRICE;PURCHASE;TAGS;META TITLE;META KEYWORDS;VAT;URL REWRITE
Armytrix;Armytrix;DOCHC-C;CHALLENGER RT 15+ ARMYTRIX EXHAUST SYSTEM W/NO TIPS;3480;1740;Armytrix,DOCHC-C,EXHAUST;CHALLENGER RT 15+ ARMYTRIX EXHAUST SYSTEM W/NO TIPS;Armytrix,DOCHC-C,EXHAUST;7;ArmytrixDOCHC-C
Armytrix;Armytrix;DOCHC-QS47C;CHALLENGER RT 15+ ARMYTRIX EXHAUST SYSTEM W/ QUAD CHROME TIPS;3980;1990;Armytrix,DOCHC-QS47C,EXHAUST;CHALLENGER RT 15+ ARMYTRIX EXHAUST SYSTEM W/ QUAD CHROME TIPS;Armytrix,DOCHC-QS47C,EXHAUST;7;ArmytrixDOCHC-QS47C
Armytrix;Armytrix;DOCHC-QS47M;CHALLENGER RT 15+ ARMYTRIX EXHAUST SYSTEM W/QUAD MATTE BLACK TIPS;4280;2140;Armytrix,DOCHC-QS47M,EXHAUST;CHALLENGER RT 15+ ARMYTRIX EXHAUST SYSTEM W/QUAD MATTE BLACK TIPS;Armytrix,DOCHC-QS47M,EXHAUST;7;ArmytrixDOCHC-QS47M
Armytrix;Armytrix;DOCHC-F;CHALLENGER RT 15+ ARMYTRIX DE-CATTED FRONT PIPE;1480;740;Armytrix,DOCHC-F,EXHAUST;CHALLENGER RT 15+ ARMYTRIX DE-CATTED FRONT PIPE;Armytrix,DOCHC-F,EXHAUST;7;ArmytrixDOCHC-F
Armytrix;Armytrix;CZ6C7-QS28C;"CORVETTE C7 
STINGRAY/GRAND SPORT  ARMYTRIX EXHAUST SYSTEM W/ QUAD CHROME TIPS";2980;1490;Armytrix,CZ6C7-QS28C,EXHAUST;"CORVETTE C7 
STINGRAY/GRAND SPORT  ARMYTRIX EXHAUST SYSTEM W/ QUAD CHROME TIPS";Armytrix,CZ6C7-QS28C,EXHAUST;7;ArmytrixCZ6C7-QS28C
Armytrix;Armytrix;CZ6C7-QS28B;"CORVETTE C7 
STINGRAY/GRAND SPORT  ARMYTRIX EXHAUST SYSTEM W/QUAD BLUE COATED TIPS";3240;1620;Armytrix,CZ6C7-QS28B,EXHAUST;"CORVETTE C7 
STINGRAY/GRAND SPORT  ARMYTRIX EXHAUST SYSTEM W/QUAD BLUE COATED TIPS";Armytrix,CZ6C7-QS28B,EXHAUST;7;ArmytrixCZ6C7-QS28B
Armytrix;Armytrix;CZ6C7-QS28M;"CORVETTE C7 
STINGRAY/GRAND SPORT  ARMYTRIX EXHAUST SYSTEM W/QUAD MATTE BLACK TIPS";3280;1640;Armytrix,CZ6C7-QS28M,EXHAUST;"CORVETTE C7 
STINGRAY/GRAND SPORT  ARMYTRIX EXHAUST SYSTEM W/QUAD MATTE BLACK TIPS";Armytrix,CZ6C7-QS28M,EXHAUST;7;ArmytrixCZ6C7-QS28M
Armytrix;Armytrix;"CZ6C7-X
CZ6C7-QS28C";"CORVETTE C7 
STINGRAY/GRAND SPORT ARMYTRIX EXHAUST SYSTEM WITH X PIPE W/ QUAD CHROME TIPS";3870;1935;"Armytrix,CZ6C7-X
CZ6C7-QS28C,EXHAUST";"CORVETTE C7 
STINGRAY/GRAND SPORT ARMYTRIX EXHAUST SYSTEM WITH X PIPE W/ QUAD CHROME TIPS";"Armytrix,CZ6C7-X
CZ6C7-QS28C,EXHAUST";7;"ArmytrixCZ6C7-X
CZ6C7-QS28C"
Armytrix;Armytrix;"CZ6C7-X
CZ6C7-QS28B";"CORVETTE C7 
STINGRAY/GRAND SPORT ARMYTRIX EXHAUST SYSTEM WITH X PIPE W/QUAD BLUE COATED TIPS";4130;2065;"Armytrix,CZ6C7-X
CZ6C7-QS28B,EXHAUST";"CORVETTE C7 
STINGRAY/GRAND SPORT ARMYTRIX EXHAUST SYSTEM WITH X PIPE W/QUAD BLUE COATED TIPS";"Armytrix,CZ6C7-X
CZ6C7-QS28B,EXHAUST";7;"ArmytrixCZ6C7-X
CZ6C7-QS28B"
Armytrix;Armytrix;"CZ6C7-X
CZ6C7-QS28M";"CORVETTE C7 
STINGRAY/GRAND SPORT ARMYTRIX EXHAUST SYSTEM WITH X PIPE W/QUAD MATTE BLACK TIPS";4170;2085;"Armytrix,CZ6C7-X
CZ6C7-QS28M,EXHAUST";"CORVETTE C7 
STINGRAY/GRAND SPORT ARMYTRIX EXHAUST SYSTEM WITH X PIPE W/QUAD MATTE BLACK TIPS";"Armytrix,CZ6C7-X
CZ6C7-QS28M,EXHAUST";7;"ArmytrixCZ6C7-X
CZ6C7-QS28M"
Armytrix;Armytrix;CZ6C7-VD;"CORVETTE C7 
STINGRAY/GRAND SPORT ARMYTRIX OEM AFM EXHAUST VALVE DELETE BOX ";80;40;Armytrix,CZ6C7-VD,EXHAUST;"CORVETTE C7 
STINGRAY/GRAND SPORT ARMYTRIX OEM AFM EXHAUST VALVE DELETE BOX ";Armytrix,CZ6C7-VD,EXHAUST;7;ArmytrixCZ6C7-VD
Armytrix;Armytrix;CZ6C7-QS28C;"CORVETTE C7 
Z06 ARMYTRIX EXHAUST SYSTEM W/ QUAD CHROME TIPS";2980;1490;Armytrix,CZ6C7-QS28C,EXHAUST;"CORVETTE C7 
Z06 ARMYTRIX EXHAUST SYSTEM W/ QUAD CHROME TIPS";Armytrix,CZ6C7-QS28C,EXHAUST;7;ArmytrixCZ6C7-QS28C
Armytrix;Armytrix;CZ6C7-QS28B;"CORVETTE C7 
Z06 ARMYTRIX EXHAUST SYSTEM W/QUAD BLUE COATED TIPS";3240;1620;Armytrix,CZ6C7-QS28B,EXHAUST;"CORVETTE C7 
Z06 ARMYTRIX EXHAUST SYSTEM W/QUAD BLUE COATED TIPS";Armytrix,CZ6C7-QS28B,EXHAUST;7;ArmytrixCZ6C7-QS28B
Armytrix;Armytrix;CZ6C7-QS28M;"CORVETTE C7 
Z06 ARMYTRIX EXHAUST SYSTEM W/QUAD MATTE BLACK TIPS";3280;1640;Armytrix,CZ6C7-QS28M,EXHAUST;"CORVETTE C7 
Z06 ARMYTRIX EXHAUST SYSTEM W/QUAD MATTE BLACK TIPS";Armytrix,CZ6C7-QS28M,EXHAUST;7;ArmytrixCZ6C7-QS28M
Armytrix;Armytrix;"CZ6C7-X
CZ6C7-QS28C";"CORVETTE C7 
Z06 ARMYTRIX EXHAUST SYSTEM WITH X PIPE W/ QUAD CHROME TIPS";3870;1935;"Armytrix,CZ6C7-X
CZ6C7-QS28C,EXHAUST";"CORVETTE C7 
Z06 ARMYTRIX EXHAUST SYSTEM WITH X PIPE W/ QUAD CHROME TIPS";"Armytrix,CZ6C7-X
CZ6C7-QS28C,EXHAUST";7;"ArmytrixCZ6C7-X
CZ6C7-QS28C"
Armytrix;Armytrix;"CZ6C7-X
CZ6C7-QS28B";"CORVETTE C7 
Z06 ARMYTRIX EXHAUST SYSTEM WITH X PIPE W/QUAD BLUE COATED TIPS";4130;2065;"Armytrix,CZ6C7-X
CZ6C7-QS28B,EXHAUST";"CORVETTE C7 
Z06 ARMYTRIX EXHAUST SYSTEM WITH X PIPE W/QUAD BLUE COATED TIPS";"Armytrix,CZ6C7-X
CZ6C7-QS28B,EXHAUST";7;"ArmytrixCZ6C7-X
CZ6C7-QS28B"
Armytrix;Armytrix;"CZ6C7-X
CZ6C7-QS28M";"CORVETTE C7 
Z06 ARMYTRIX EXHAUST SYSTEM WITH X PIPE W/QUAD MATTE BLACK TIPS";4170;2085;"Armytrix,CZ6C7-X
CZ6C7-QS28M,EXHAUST";"CORVETTE C7 
Z06 ARMYTRIX EXHAUST SYSTEM WITH X PIPE W/QUAD MATTE BLACK TIPS";"Armytrix,CZ6C7-X
CZ6C7-QS28M,EXHAUST";7;"ArmytrixCZ6C7-X
CZ6C7-QS28M"
Armytrix;Armytrix;CZ6C8-QS38C;"CORVETTE C8 
STINGRAY ARMYTRIX EXHAUST SYSTEM W/ QUAD CHROME TIPS";3980;1990;Armytrix,CZ6C8-QS38C,EXHAUST;"CORVETTE C8 
STINGRAY ARMYTRIX EXHAUST SYSTEM W/ QUAD CHROME TIPS";Armytrix,CZ6C8-QS38C,EXHAUST;7;ArmytrixCZ6C8-QS38C
Armytrix;Armytrix;CZ6C8-QS38B;"CORVETTE C8 
STINGRAY ARMYTRIX EXHAUST SYSTEM W/QUAD BLUE COATED TIPS";4240;2120;Armytrix,CZ6C8-QS38B,EXHAUST;"CORVETTE C8 
STINGRAY ARMYTRIX EXHAUST SYSTEM W/QUAD BLUE COATED TIPS";Armytrix,CZ6C8-QS38B,EXHAUST;7;ArmytrixCZ6C8-QS38B
Armytrix;Armytrix;CZ6C8-QS38M;"CORVETTE C8 
STINGRAY ARMYTRIX EXHAUST SYSTEM W/QUAD MATTE BLACK TIPS ";4280;2140;Armytrix,CZ6C8-QS38M,EXHAUST;"CORVETTE C8 
STINGRAY ARMYTRIX EXHAUST SYSTEM W/QUAD MATTE BLACK TIPS ";Armytrix,CZ6C8-QS38M,EXHAUST;7;ArmytrixCZ6C8-QS38M
Armytrix;Armytrix;CZ6C8-QS38G;"CORVETTE C8 
STINGRAY ARMYTRIX EXHAUST SYSTEM W/QUAD GOLD TIPS ";4280;2140;Armytrix,CZ6C8-QS38G,EXHAUST;"CORVETTE C8 
STINGRAY ARMYTRIX EXHAUST SYSTEM W/QUAD GOLD TIPS ";Armytrix,CZ6C8-QS38G,EXHAUST;7;ArmytrixCZ6C8-QS38G
Armytrix;Armytrix;CZ6C8-QC38;"CORVETTE C8 
STINGRAY ARMYTRIX EXHAUST SYSTEM W/QUAD CARBON FIBER TIPS ";4580;2290;Armytrix,CZ6C8-QC38,EXHAUST;"CORVETTE C8 
STINGRAY ARMYTRIX EXHAUST SYSTEM W/QUAD CARBON FIBER TIPS ";Armytrix,CZ6C8-QC38,EXHAUST;7;ArmytrixCZ6C8-QC38
Armytrix;Armytrix;CZ6C8-QS38C;"CORVETTE C8 
STINGRAY ARMYTRIX EXHAUST SYSTEM W/ QUAD CHROME TIPS";3980;1990;Armytrix,CZ6C8-QS38C,EXHAUST;"CORVETTE C8 
STINGRAY ARMYTRIX EXHAUST SYSTEM W/ QUAD CHROME TIPS";Armytrix,CZ6C8-QS38C,EXHAUST;7;ArmytrixCZ6C8-QS38C
Armytrix;Armytrix;CZ6C8-QS38B;"CORVETTE C8 
STINGRAY ARMYTRIX EXHAUST SYSTEM W/QUAD BLUE COATED TIPS";4240;2120;Armytrix,CZ6C8-QS38B,EXHAUST;"CORVETTE C8 
STINGRAY ARMYTRIX EXHAUST SYSTEM W/QUAD BLUE COATED TIPS";Armytrix,CZ6C8-QS38B,EXHAUST;7;ArmytrixCZ6C8-QS38B
Armytrix;Armytrix;CZ6C8-QS38M;"CORVETTE C8 
STINGRAY ARMYTRIX EXHAUST SYSTEM W/QUAD MATTE BLACK TIPS ";4280;2140;Armytrix,CZ6C8-QS38M,EXHAUST;"CORVETTE C8 
STINGRAY ARMYTRIX EXHAUST SYSTEM W/QUAD MATTE BLACK TIPS ";Armytrix,CZ6C8-QS38M,EXHAUST;7;ArmytrixCZ6C8-QS38M
Armytrix;Armytrix;CZ6C8-QS38G;"CORVETTE C8 
STINGRAY ARMYTRIX EXHAUST SYSTEM W/QUAD GOLD TIPS ";4280;2140;Armytrix,CZ6C8-QS38G,EXHAUST;"CORVETTE C8 
STINGRAY ARMYTRIX EXHAUST SYSTEM W/QUAD GOLD TIPS ";Armytrix,CZ6C8-QS38G,EXHAUST;7;ArmytrixCZ6C8-QS38G
Armytrix;Armytrix;CZ6C8-QC38;"CORVETTE C8 
STINGRAY ARMYTRIX EXHAUST SYSTEM W/QUAD CARBON FIBER TIPS ";4580;2290;Armytrix,CZ6C8-QC38,EXHAUST;"CORVETTE C8 
STINGRAY ARMYTRIX EXHAUST SYSTEM W/QUAD CARBON FIBER TIPS ";Armytrix,CZ6C8-QC38,EXHAUST;7;ArmytrixCZ6C8-QC38
Armytrix;Armytrix;CZ6C8-DD;"CORVETTE C8 
STINGRAY ARMYTRIX DE-CATTED PIPES";1060;530;Armytrix,CZ6C8-DD,EXHAUST;"CORVETTE C8 
STINGRAY ARMYTRIX DE-CATTED PIPES";Armytrix,CZ6C8-DD,EXHAUST;7;ArmytrixCZ6C8-DD
Armytrix;Armytrix;CZ6C8-CD;"CORVETTE C8 
STINGRAY ARMYTRIX SPORT CAT PIPES WITH 200 CPSI CATALYTIC CONVERTER";2060;1030;Armytrix,CZ6C8-CD,EXHAUST;"CORVETTE C8 
STINGRAY ARMYTRIX SPORT CAT PIPES WITH 200 CPSI CATALYTIC CONVERTER";Armytrix,CZ6C8-CD,EXHAUST;7;ArmytrixCZ6C8-CD
Armytrix;Armytrix;CZ6C8-DDC;"CORVETTE C8 
STINGRAY ARMYTRIX CERAMIC COATED DE-CATTED PIPES";1550;775;Armytrix,CZ6C8-DDC,EXHAUST;"CORVETTE C8 
STINGRAY ARMYTRIX CERAMIC COATED DE-CATTED PIPES";Armytrix,CZ6C8-DDC,EXHAUST;7;ArmytrixCZ6C8-DDC
Armytrix;Armytrix;CZ6C8-CDC;"CORVETTE C8 
STINGRAY ARMYTRIX CERAMIC COATED SPORT CAT PIPES WITH 200 CPSI CATALYTIC CONVERTER";2550;1275;Armytrix,CZ6C8-CDC,EXHAUST;"CORVETTE C8 
STINGRAY ARMYTRIX CERAMIC COATED SPORT CAT PIPES WITH 200 CPSI CATALYTIC CONVERTER";Armytrix,CZ6C8-CDC,EXHAUST;7;ArmytrixCZ6C8-CDC
Armytrix;Armytrix;FF355-CQC;F355 ARMYTRIX EXHAUST SYSTEM W/NO TIPS;4290;2145;Armytrix,FF355-CQC,EXHAUST;F355 ARMYTRIX EXHAUST SYSTEM W/NO TIPS;Armytrix,FF355-CQC,EXHAUST;7;ArmytrixFF355-CQC
Armytrix;Armytrix;FF355-CQM;F356 ARMYTRIX EXHAUST SYSTEM W/NO TIPS;4580;2290;Armytrix,FF355-CQM,EXHAUST;F356 ARMYTRIX EXHAUST SYSTEM W/NO TIPS;Armytrix,FF355-CQM,EXHAUST;7;ArmytrixFF355-CQM
Armytrix;Armytrix;FF355-DD;F357 ARMYTRIX HIGH-FLOW PERFORMANCE DE-CATTED PIPE;690;345;Armytrix,FF355-DD,EXHAUST;F357 ARMYTRIX HIGH-FLOW PERFORMANCE DE-CATTED PIPE;Armytrix,FF355-DD,EXHAUST;7;ArmytrixFF355-DD
Armytrix;Armytrix;FF355-DDC;F358 ARMYTRIX CERAMIC COATED HIGH-FLOW PERFORMANCE DE-CATTED PIPE;1080;540;Armytrix,FF355-DDC,EXHAUST;F358 ARMYTRIX CERAMIC COATED HIGH-FLOW PERFORMANCE DE-CATTED PIPE;Armytrix,FF355-DDC,EXHAUST;7;ArmytrixFF355-DDC
Armytrix;Armytrix;FFCA1-C;CALIFORNIA 08-13 (4.3L) ARMYTRIX TITANIUM EXHAUST SYSTEM W/NO TIPS;5980;2990;Armytrix,FFCA1-C,EXHAUST;CALIFORNIA 08-13 (4.3L) ARMYTRIX TITANIUM EXHAUST SYSTEM W/NO TIPS;Armytrix,FFCA1-C,EXHAUST;7;ArmytrixFFCA1-C
Armytrix;Armytrix;FFCA1-DDC;CALIFORNIA 08-13 (4.3L) ARMYTRIX CERAMIC COATED HIGH-FLOW PERFORMANCE DE-CATTED PIPE ;1680;840;Armytrix,FFCA1-DDC,EXHAUST;CALIFORNIA 08-13 (4.3L) ARMYTRIX CERAMIC COATED HIGH-FLOW PERFORMANCE DE-CATTED PIPE ;Armytrix,FFCA1-DDC,EXHAUST;7;ArmytrixFFCA1-DDC
Armytrix;Armytrix;FS458-C;458 ITALIA / SPIDER ARMYTRIX EXHAUST SYSTEM W/NO TIPS;5580;2790;Armytrix,FS458-C,EXHAUST;458 ITALIA / SPIDER ARMYTRIX EXHAUST SYSTEM W/NO TIPS;Armytrix,FS458-C,EXHAUST;7;ArmytrixFS458-C
Armytrix;Armytrix;FF458-C;458 ITALIA / SPIDER ARMYTRIX TITANIUM EXHAUST SYSTEM W/NO TIPS;8280;4140;Armytrix,FF458-C,EXHAUST;458 ITALIA / SPIDER ARMYTRIX TITANIUM EXHAUST SYSTEM W/NO TIPS;Armytrix,FF458-C,EXHAUST;7;ArmytrixFF458-C
Armytrix;Armytrix;T12-2B;458 ITALIA / SPIDER ARMYTRIX TITANIUM TWIN TITANIUM BLUE TIPS ;1250;625;Armytrix,T12-2B,EXHAUST;458 ITALIA / SPIDER ARMYTRIX TITANIUM TWIN TITANIUM BLUE TIPS ;Armytrix,T12-2B,EXHAUST;7;ArmytrixT12-2B
Armytrix;Armytrix;T12-2M;458 ITALIA / SPIDER ARMYTRIX TITANIUM TWIN MATTE BLACK TIPS ;1400;700;Armytrix,T12-2M,EXHAUST;458 ITALIA / SPIDER ARMYTRIX TITANIUM TWIN MATTE BLACK TIPS ;Armytrix,T12-2M,EXHAUST;7;ArmytrixT12-2M
Armytrix;Armytrix;T12-3B;458 ITALIA / SPIDER ARMYTRIX TITANIUM TRIPLE TITANIUM BLUE TIPS;1650;825;Armytrix,T12-3B,EXHAUST;458 ITALIA / SPIDER ARMYTRIX TITANIUM TRIPLE TITANIUM BLUE TIPS;Armytrix,T12-3B,EXHAUST;7;ArmytrixT12-3B
Armytrix;Armytrix;T12-3M;458 ITALIA / SPIDER ARMYTRIX TITANIUM TRIPE MATTE BLACK TIPS;1950;975;Armytrix,T12-3M,EXHAUST;458 ITALIA / SPIDER ARMYTRIX TITANIUM TRIPE MATTE BLACK TIPS;Armytrix,T12-3M,EXHAUST;7;ArmytrixT12-3M
Armytrix;Armytrix;FF458-DDC;458 ITALIA / SPIDER ARMYTRIX CERAMIC COATED HIGH-FLOW PERFORMANCE DE-CATTED PIPE;1880;940;Armytrix,FF458-DDC,EXHAUST;458 ITALIA / SPIDER ARMYTRIX CERAMIC COATED HIGH-FLOW PERFORMANCE DE-CATTED PIPE;Armytrix,FF458-DDC,EXHAUST;7;ArmytrixFF458-DDC
Armytrix;Armytrix;FF458-CDC;458 ITALIA / SPIDER ARMYTRIX CERAMIC COATED SPORT VERSION HIGH-FLOW CAT-PIPE W/ 200 CPSI CAT;2880;1440;Armytrix,FF458-CDC,EXHAUST;458 ITALIA / SPIDER ARMYTRIX CERAMIC COATED SPORT VERSION HIGH-FLOW CAT-PIPE W/ 200 CPSI CAT;Armytrix,FF458-CDC,EXHAUST;7;ArmytrixFF458-CDC
Armytrix;Armytrix;FF488-C;488 PISTA / PISTA SPIDER ARMYTRIX TITANIUM EXHAUST SYSTEM W/NO TIPS;7380;3690;Armytrix,FF488-C,EXHAUST;488 PISTA / PISTA SPIDER ARMYTRIX TITANIUM EXHAUST SYSTEM W/NO TIPS;Armytrix,FF488-C,EXHAUST;7;ArmytrixFF488-C
Armytrix;Armytrix;FS488-DDC;488 GTB / SPIDER ARMYTRIX CERAMIC COATED HIGH-FLOW PERFORMANCE DE-CATTED DOWN-PIPE;2580;1290;Armytrix,FS488-DDC,EXHAUST;488 GTB / SPIDER ARMYTRIX CERAMIC COATED HIGH-FLOW PERFORMANCE DE-CATTED DOWN-PIPE;Armytrix,FS488-DDC,EXHAUST;7;ArmytrixFS488-DDC
Armytrix;Armytrix;DT22B;488 GTB / SPIDER ARMYTRIX TITANIUM TWIN TITANIUM BLUE TIPS ;780;390;Armytrix,DT22B,EXHAUST;488 GTB / SPIDER ARMYTRIX TITANIUM TWIN TITANIUM BLUE TIPS ;Armytrix,DT22B,EXHAUST;7;ArmytrixDT22B
Armytrix;Armytrix;DT22M;488 GTB / SPIDER ARMYTRIX TITANIUM TWIN MATTE BLACK TIPS ;930;465;Armytrix,DT22M,EXHAUST;488 GTB / SPIDER ARMYTRIX TITANIUM TWIN MATTE BLACK TIPS ;Armytrix,DT22M,EXHAUST;7;ArmytrixDT22M
Armytrix;Armytrix;DC46;488 GTB / SPIDER ARMYTRIX TWIN CARBON TIPS ;880;440;Armytrix,DC46,EXHAUST;488 GTB / SPIDER ARMYTRIX TWIN CARBON TIPS ;Armytrix,DC46,EXHAUST;7;ArmytrixDC46
Armytrix;Armytrix;FF488-C;488 PISTA / PISTA SPIDER ARMYTRIX TITANIUM EXHAUST SYSTEM W/NO TIPS;7380;3690;Armytrix,FF488-C,EXHAUST;488 PISTA / PISTA SPIDER ARMYTRIX TITANIUM EXHAUST SYSTEM W/NO TIPS;Armytrix,FF488-C,EXHAUST;7;ArmytrixFF488-C
Armytrix;Armytrix;FS488-DDC;489 PISTA / PISTA SPIDER ARMYTRIX  CERAMIC COATED HIGH-FLOW PERFORMANCE DE-CATTED DOWN-PIPE;2580;1290;Armytrix,FS488-DDC,EXHAUST;489 PISTA / PISTA SPIDER ARMYTRIX  CERAMIC COATED HIGH-FLOW PERFORMANCE DE-CATTED DOWN-PIPE;Armytrix,FS488-DDC,EXHAUST;7;ArmytrixFS488-DDC
Armytrix;Armytrix;FF8TS-C;F8 TRIBUTO ARMYTRIX EXHAUST SYSTEM W/NO TIPS;5880;2940;Armytrix,FF8TS-C,EXHAUST;F8 TRIBUTO ARMYTRIX EXHAUST SYSTEM W/NO TIPS;Armytrix,FF8TS-C,EXHAUST;7;ArmytrixFF8TS-C
Armytrix;Armytrix;FF8T1-DDC;F8 TRIBUTO ARMYTRIX CERAMIC COATED HIGH-FLOW PERFORMANCE DE-CATTED DOWN-PIPES;2580;1290;Armytrix,FF8T1-DDC,EXHAUST;F8 TRIBUTO ARMYTRIX CERAMIC COATED HIGH-FLOW PERFORMANCE DE-CATTED DOWN-PIPES;Armytrix,FF8T1-DDC,EXHAUST;7;ArmytrixFF8T1-DDC
Armytrix;Armytrix;FF8T1-CDC;F8 TRIBUTO ARMYTRIX CERAMIC COATED SPORT CAT DOWN-PIPE WITH 200 CPSI CAT;3680;1840;Armytrix,FF8T1-CDC,EXHAUST;F8 TRIBUTO ARMYTRIX CERAMIC COATED SPORT CAT DOWN-PIPE WITH 200 CPSI CAT;Armytrix,FF8T1-CDC,EXHAUST;7;ArmytrixFF8T1-CDC
Armytrix;Armytrix;DT23B;F8 TRIBUTO ARMYTRIX TITANIUM DUAL TITANIUM BLUE TIPS;780;390;Armytrix,DT23B,EXHAUST;F8 TRIBUTO ARMYTRIX TITANIUM DUAL TITANIUM BLUE TIPS;Armytrix,DT23B,EXHAUST;7;ArmytrixDT23B
Armytrix;Armytrix;DT23M;F8 TRIBUTO ARMYTRIX TITANIUM DUAL MATTE BLACK TIPS;930;465;Armytrix,DT23M,EXHAUST;F8 TRIBUTO ARMYTRIX TITANIUM DUAL MATTE BLACK TIPS;Armytrix,DT23M,EXHAUST;7;ArmytrixDT23M
Armytrix;Armytrix;F599B-QT14B;"599 GTB FIORANO ARMYTRIX TITANIUM EXHAUST SYSTEM W/QUAD TITANIUM BLUE 3.5""";4880;2440;Armytrix,F599B-QT14B,EXHAUST;"599 GTB FIORANO ARMYTRIX TITANIUM EXHAUST SYSTEM W/QUAD TITANIUM BLUE 3.5""";Armytrix,F599B-QT14B,EXHAUST;7;ArmytrixF599B-QT14B
Armytrix;Armytrix;F599B-QT14M;"599 GTB FIORANO ARMYTRIX TITANIUM EXHAUST SYSTEM W/QUAD MATTE BLACK 3.5"" ";5180;2590;Armytrix,F599B-QT14M,EXHAUST;"599 GTB FIORANO ARMYTRIX TITANIUM EXHAUST SYSTEM W/QUAD MATTE BLACK 3.5"" ";Armytrix,F599B-QT14M,EXHAUST;7;ArmytrixF599B-QT14M
Armytrix;Armytrix;F599B-DDC;599 GTB FIORANO ARMYTRIX CERAMIC COATED HIGH-FLOW PERFORMANCE DE-CATTED PIPE;980;490;Armytrix,F599B-DDC,EXHAUST;599 GTB FIORANO ARMYTRIX CERAMIC COATED HIGH-FLOW PERFORMANCE DE-CATTED PIPE;Armytrix,F599B-DDC,EXHAUST;7;ArmytrixF599B-DDC
Armytrix;Armytrix;F599B-QT14B;"599 GTO ARMYTRIX TITANIUM EXHAUST SYSTEM W/QUAD TITANIUM BLUE 3.5""";4880;2440;Armytrix,F599B-QT14B,EXHAUST;"599 GTO ARMYTRIX TITANIUM EXHAUST SYSTEM W/QUAD TITANIUM BLUE 3.5""";Armytrix,F599B-QT14B,EXHAUST;7;ArmytrixF599B-QT14B
Armytrix;Armytrix;F599B-QT14M;"599 GTO ARMYTRIX TITANIUM EXHAUST SYSTEM W/QUAD MATTE BLACK 3.5"" ";5180;2590;Armytrix,F599B-QT14M,EXHAUST;"599 GTO ARMYTRIX TITANIUM EXHAUST SYSTEM W/QUAD MATTE BLACK 3.5"" ";Armytrix,F599B-QT14M,EXHAUST;7;ArmytrixF599B-QT14M
Armytrix;Armytrix;FF12B-QT13B;"F12 BERLINETTA / F12 TDF ARMYTRIX TITANIUM EXHAUST SYSTEM W/QUAD TITANIUM BLUE 4""";8800;4400;Armytrix,FF12B-QT13B,EXHAUST;"F12 BERLINETTA / F12 TDF ARMYTRIX TITANIUM EXHAUST SYSTEM W/QUAD TITANIUM BLUE 4""";Armytrix,FF12B-QT13B,EXHAUST;7;ArmytrixFF12B-QT13B
Armytrix;Armytrix;FF12B-QT13M;"F12 BERLINETTA / F12 TDF ARMYTRIX TITANIUM EXHAUST SYSTEM W/QUAD MATTE BLACK 4""";9100;4550;Armytrix,FF12B-QT13M,EXHAUST;"F12 BERLINETTA / F12 TDF ARMYTRIX TITANIUM EXHAUST SYSTEM W/QUAD MATTE BLACK 4""";Armytrix,FF12B-QT13M,EXHAUST;7;ArmytrixFF12B-QT13M
Armytrix;Armytrix;FF12B-DDC;F12 BERLINETTA / F12 TDF ARMYTRIX TITANIUM CERAMIC COATED HIGH-FLOW PERFORMANCE DE-CATTED PIPE;4880;2440;Armytrix,FF12B-DDC,EXHAUST;F12 BERLINETTA / F12 TDF ARMYTRIX TITANIUM CERAMIC COATED HIGH-FLOW PERFORMANCE DE-CATTED PIPE;Armytrix,FF12B-DDC,EXHAUST;7;ArmytrixFF12B-DDC
Armytrix;Armytrix;FS12B-DDC;F12 BERLINETTA / F12 TDF ARMYTRIX CERAMIC COATED HIGH-FLOW PERFORMANCE DE-CATTED PIPE;2880;1440;Armytrix,FS12B-DDC,EXHAUST;F12 BERLINETTA / F12 TDF ARMYTRIX CERAMIC COATED HIGH-FLOW PERFORMANCE DE-CATTED PIPE;Armytrix,FS12B-DDC,EXHAUST;7;ArmytrixFS12B-DDC
Armytrix;Armytrix;FS812-C;812 SUPERFAST ARMYTRIX EXHAUST SYSTEM W/NO TIPS;5880;2940;Armytrix,FS812-C,EXHAUST;812 SUPERFAST ARMYTRIX EXHAUST SYSTEM W/NO TIPS;Armytrix,FS812-C,EXHAUST;7;ArmytrixFS812-C
Armytrix;Armytrix;FF12B-DDC;812 SUPERFAST ARMYTRIX TITANIUM CERAMIC COATED HIGH-FLOW PERFORMANCE DE-CATTED PIPE;4880;2440;Armytrix,FF12B-DDC,EXHAUST;812 SUPERFAST ARMYTRIX TITANIUM CERAMIC COATED HIGH-FLOW PERFORMANCE DE-CATTED PIPE;Armytrix,FF12B-DDC,EXHAUST;7;ArmytrixFF12B-DDC
Armytrix;Armytrix;FS12B-DDC;812 SUPERFAST ARMYTRIX CERAMIC COATED HIGH-FLOW PERFORMANCE DE-CATTED PIPE;2880;1440;Armytrix,FS12B-DDC,EXHAUST;812 SUPERFAST ARMYTRIX CERAMIC COATED HIGH-FLOW PERFORMANCE DE-CATTED PIPE;Armytrix,FS12B-DDC,EXHAUST;7;ArmytrixFS12B-DDC
Armytrix;Armytrix;FFFF1-C;FF ARMYTRIX EXHAUST SYSTEM W/NO TIPS;5580;2790;Armytrix,FFFF1-C,EXHAUST;FF ARMYTRIX EXHAUST SYSTEM W/NO TIPS;Armytrix,FFFF1-C,EXHAUST;7;ArmytrixFFFF1-C
Armytrix;Armytrix;FFFF1-DD;FF ARMYTRIX HIGH-FLOW PERFORMANCE DE-CATTED PIPE;1880;940;Armytrix,FFFF1-DD,EXHAUST;FF ARMYTRIX HIGH-FLOW PERFORMANCE DE-CATTED PIPE;Armytrix,FFFF1-DD,EXHAUST;7;ArmytrixFFFF1-DD
Armytrix;Armytrix;QS36M;FF ARMYTRIX QUAD MATTE BLACK TIPS;1180;590;Armytrix,QS36M,EXHAUST;FF ARMYTRIX QUAD MATTE BLACK TIPS;Armytrix,QS36M,EXHAUST;7;ArmytrixQS36M
Armytrix;Armytrix;LREVQ-FD;EVOQUE 11-18 (2.0T) 5D/COUPÉ ARMYTRIX SECONDARY DE-CATTED PIPE ;490;245;Armytrix,LREVQ-FD,EXHAUST;EVOQUE 11-18 (2.0T) 5D/COUPÉ ARMYTRIX SECONDARY DE-CATTED PIPE ;Armytrix,LREVQ-FD,EXHAUST;7;ArmytrixLREVQ-FD
Armytrix;Armytrix;LREVQ-FC;EVOQUE11-18 (2.0T) 5D/COUPÉ ARMYTRIX SECONDARY SPORT CAT DOWN-PIPE WITH 200 CPSI CAT ;990;495;Armytrix,LREVQ-FC,EXHAUST;EVOQUE11-18 (2.0T) 5D/COUPÉ ARMYTRIX SECONDARY SPORT CAT DOWN-PIPE WITH 200 CPSI CAT ;Armytrix,LREVQ-FC,EXHAUST;7;ArmytrixLREVQ-FC
Armytrix;Armytrix;MCMP4-DT15M;MP4-12C ARMYTRIX TITANIUM EXHAUST SYSTEM W/DUAL MATTE BLACK TIPS;4980;2490;Armytrix,MCMP4-DT15M,EXHAUST;MP4-12C ARMYTRIX TITANIUM EXHAUST SYSTEM W/DUAL MATTE BLACK TIPS;Armytrix,MCMP4-DT15M,EXHAUST;7;ArmytrixMCMP4-DT15M
Armytrix;Armytrix;MCMP4-DDC;MP4-12C ARMYTRIX CERAMIC COATED HIGH-FLOW PERFORMANCE DE-CATTED PIPE;3580;1790;Armytrix,MCMP4-DDC,EXHAUST;MP4-12C ARMYTRIX CERAMIC COATED HIGH-FLOW PERFORMANCE DE-CATTED PIPE;Armytrix,MCMP4-DDC,EXHAUST;7;ArmytrixMCMP4-DDC
Armytrix;Armytrix;MC5XS-C;540C/570GT/570S ARMYTRIX EXHAUST SYSTEM W/NO TIPS;3990;1995;Armytrix,MC5XS-C,EXHAUST;540C/570GT/570S ARMYTRIX EXHAUST SYSTEM W/NO TIPS;Armytrix,MC5XS-C,EXHAUST;7;ArmytrixMC5XS-C
Armytrix;Armytrix;MC5XS-DC45;540C/570GT/570S ARMYTRIX EXHAUST SYSTEM W/DUAL CARBON FIBER TIPS;4980;2490;Armytrix,MC5XS-DC45,EXHAUST;540C/570GT/570S ARMYTRIX EXHAUST SYSTEM W/DUAL CARBON FIBER TIPS;Armytrix,MC5XS-DC45,EXHAUST;7;ArmytrixMC5XS-DC45
Armytrix;Armytrix;MCMP4-DDC;540C/570GT/570S ARMYTRIX CERAMIC COATED HIGH-FLOW PERFORMANCE DE-CATTED PIPE;3580;1790;Armytrix,MCMP4-DDC,EXHAUST;540C/570GT/570S ARMYTRIX CERAMIC COATED HIGH-FLOW PERFORMANCE DE-CATTED PIPE;Armytrix,MCMP4-DDC,EXHAUST;7;ArmytrixMCMP4-DDC
Armytrix;Armytrix;MCMP4-DDC;600LT ARMYTRIX CERAMIC COATED HIGH-FLOW PERFORMANCE DE-CATTED PIPE;3580;1790;Armytrix,MCMP4-DDC,EXHAUST;600LT ARMYTRIX CERAMIC COATED HIGH-FLOW PERFORMANCE DE-CATTED PIPE;Armytrix,MCMP4-DDC,EXHAUST;7;ArmytrixMCMP4-DDC
Armytrix;Armytrix;MC65S-DT15M;650S ARMYTRIX TITANIUM EXHAUST SYSTEM W/DUAL MATTE BLACK TIPS;4980;2490;Armytrix,MC65S-DT15M,EXHAUST;650S ARMYTRIX TITANIUM EXHAUST SYSTEM W/DUAL MATTE BLACK TIPS;Armytrix,MC65S-DT15M,EXHAUST;7;ArmytrixMC65S-DT15M
Armytrix;Armytrix;MCMP4-DDC;650S ARMYTRIX CERAMIC COATED HIGH-FLOW PERFORMANCE DE-CATTED PIPE;3580;1790;Armytrix,MCMP4-DDC,EXHAUST;650S ARMYTRIX CERAMIC COATED HIGH-FLOW PERFORMANCE DE-CATTED PIPE;Armytrix,MCMP4-DDC,EXHAUST;7;ArmytrixMCMP4-DDC
Armytrix;Armytrix;MCMP4-DDC;675LT ARMYTRIX CERAMIC COATED HIGH-FLOW PERFORMANCE DE-CATTED PIPE;3580;1790;Armytrix,MCMP4-DDC,EXHAUST;675LT ARMYTRIX CERAMIC COATED HIGH-FLOW PERFORMANCE DE-CATTED PIPE;Armytrix,MCMP4-DDC,EXHAUST;7;ArmytrixMCMP4-DDC
Armytrix;Armytrix;MC7XS-C;720S ARMYTRIX EXHAUST SYSTEM W/NO TIPS;4980;2490;Armytrix,MC7XS-C,EXHAUST;720S ARMYTRIX EXHAUST SYSTEM W/NO TIPS;Armytrix,MC7XS-C,EXHAUST;7;ArmytrixMC7XS-C
Armytrix;Armytrix;MC7XT-C;720S ARMYTRIX TITANIUM EXHAUST SYSTEM W/NO TIPS;7880;3940;Armytrix,MC7XT-C,EXHAUST;720S ARMYTRIX TITANIUM EXHAUST SYSTEM W/NO TIPS;Armytrix,MC7XT-C,EXHAUST;7;ArmytrixMC7XT-C
Armytrix;Armytrix;DC48;720S ARMYTRIX DUAL CARBON TIPS;880;440;Armytrix,DC48,EXHAUST;720S ARMYTRIX DUAL CARBON TIPS;Armytrix,DC48,EXHAUST;7;ArmytrixDC48
Armytrix;Armytrix;MC7XS-DDC;720S ARMYTRIX CERAMIC COATED HIGH-FLOW PERFORMANCE DE-CATTED PIPE;3580;1790;Armytrix,MC7XS-DDC,EXHAUST;720S ARMYTRIX CERAMIC COATED HIGH-FLOW PERFORMANCE DE-CATTED PIPE;Armytrix,MC7XS-DDC,EXHAUST;7;ArmytrixMC7XS-DDC
Armytrix;Armytrix;MC7XS-DDC;765LT ARMYTRIX CERAMIC COATED HIGH-FLOW PERFORMANCE DE-CATTED PIPE;3580;1790;Armytrix,MC7XS-DDC,EXHAUST;765LT ARMYTRIX CERAMIC COATED HIGH-FLOW PERFORMANCE DE-CATTED PIPE;Armytrix,MC7XS-DDC,EXHAUST;7;ArmytrixMC7XS-DDC
Armytrix;Armytrix;MC7XS-DDC;750S ARMYTRIX CERAMIC COATED HIGH-FLOW PERFORMANCE DE-CATTED PIPE;3580;1790;Armytrix,MC7XS-DDC,EXHAUST;750S ARMYTRIX CERAMIC COATED HIGH-FLOW PERFORMANCE DE-CATTED PIPE;Armytrix,MC7XS-DDC,EXHAUST;7;ArmytrixMC7XS-DDC
Armytrix;Armytrix;MCSET-C;SENNA ARMYTRIX EXHAUST SYSTEM W/NO TIPS;18000;9000;Armytrix,MCSET-C,EXHAUST;SENNA ARMYTRIX EXHAUST SYSTEM W/NO TIPS;Armytrix,MCSET-C,EXHAUST;7;ArmytrixMCSET-C
Armytrix;Armytrix;MCSES-ADDC;SENNA ARMYTRIX F1 ULTRA THERMAL CERAMIC COATED HIGH-FLOW DE-CATTED PIPE;4880;2440;Armytrix,MCSES-ADDC,EXHAUST;SENNA ARMYTRIX F1 ULTRA THERMAL CERAMIC COATED HIGH-FLOW DE-CATTED PIPE;Armytrix,MCSES-ADDC,EXHAUST;7;ArmytrixMCSES-ADDC
Armytrix;Armytrix;MCSES-BDDC;SENNA ARMYTRIX F1 ULTRA THERMAL CERAMIC COATED HIGH-FLOW DE-CATTED PIPE;5480;2740;Armytrix,MCSES-BDDC,EXHAUST;SENNA ARMYTRIX F1 ULTRA THERMAL CERAMIC COATED HIGH-FLOW DE-CATTED PIPE;Armytrix,MCSES-BDDC,EXHAUST;7;ArmytrixMCSES-BDDC
Armytrix;Armytrix;MCSET-C;SENNA ARMYTRIX EXHAUST SYSTEM W/NO TIPS;18000;9000;Armytrix,MCSET-C,EXHAUST;SENNA ARMYTRIX EXHAUST SYSTEM W/NO TIPS;Armytrix,MCSET-C,EXHAUST;7;ArmytrixMCSET-C
Armytrix;Armytrix;MCSES-ADDC;SENNA ARMYTRIX F1 ULTRA THERMAL CERAMIC COATED HIGH-FLOW DE-CATTED PIPE;4880;2440;Armytrix,MCSES-ADDC,EXHAUST;SENNA ARMYTRIX F1 ULTRA THERMAL CERAMIC COATED HIGH-FLOW DE-CATTED PIPE;Armytrix,MCSES-ADDC,EXHAUST;7;ArmytrixMCSES-ADDC
Armytrix;Armytrix;MCSES-BDDC;SENNA ARMYTRIX F1 ULTRA THERMAL CERAMIC COATED HIGH-FLOW DE-CATTED PIPE;5480;2740;Armytrix,MCSES-BDDC,EXHAUST;SENNA ARMYTRIX F1 ULTRA THERMAL CERAMIC COATED HIGH-FLOW DE-CATTED PIPE;Armytrix,MCSES-BDDC,EXHAUST;7;ArmytrixMCSES-BDDC
